segmendId,segmentName,groupId,groupName,volumeInVoxel,volumeInNm3,boundingBoxTopLeftPositionX,boundingBoxTopLeftPositionY,boundingBoxTopLeftPositionZ,boundingBoxSizeX,boundingBoxSizeY,boundingBoxSizeZ
1,Segment 1,-1,root,1322,511850978429.9254,515,493,5,25,24,8
2,Segment 2,-1,root,324,125446079433.65796,471,427,9,11,11,4
3,Segment 3,-1,root,1981,767002109129.8655,484,374,11,24,29,6
4,Segment 4,-1,root,352,136287098643.97409,438,367,27,12,14,3
5,Segment 5,-1,root,1469,568766329284.0851,421,362,38,20,20,6
6,Segment 6,-1,root,744,288061367588.3998,458,381,38,14,15,5
7,Segment 7,-1,root,1013,392212587858.93677,486,555,69,15,15,6