segmendId,segmentName,groupId,groupName,volumeInVoxel,volumeInNm3,boundingBoxTopLeftPositionX,boundingBoxTopLeftPositionY,boundingBoxTopLeftPositionZ,boundingBoxSizeX,boundingBoxSizeY,boundingBoxSizeZ
1,Segment 1,-1,root,1368,529661224275.44476,622,484,1,22,20,6
2,Segment 2,-1,root,5600,2168203842063.224,598,442,4,40,34,8
3,Segment 3,-1,root,1360,526563790215.35443,640,424,9,20,34,4
4,Segment 4,-1,root,1788,692276512430.1865,622,434,8,28,28,5
5,Segment 5,-1,root,1244,481650996344.0448,448,334,7,28,16,5
6,Segment 6,-1,root,3408,1319506909598.4763,530,522,13,32,34,6
7,Segment 7,-1,root,2500,967948143778.225,400,446,29,20,26,8
8,Segment 8,-1,root,2277,881607169353.2074,372,448,33,19,29,8
9,Segment 9,-1,root,1559,603612462460.1011,408,468,18,21,14,10
10,Segment 10,-1,root,351,135899919386.4628,386,458,26,12,12,4
11,Segment 11,-1,root,2011,778617486855.2042,773,371,56,25,17,8
12,Segment 12,-1,root,1305,505268931052.23346,702,380,62,19,19,6
13,Segment 13,-1,root,813,314776736356.6788,617,274,40,15,18,5
14,Segment 14,-1,root,64480,24965318524327.98,321,390,41,94,85,27