segmendId,segmentName,groupId,groupName,volumeInVoxel,volumeInNm3,boundingBoxTopLeftPositionX,boundingBoxTopLeftPositionY,boundingBoxTopLeftPositionZ,boundingBoxSizeX,boundingBoxSizeY,boundingBoxSizeZ
1,Segment 1,1,Central brain,2209,855278979842.4397,572,515,2,32,32,8
2,Segment 2,1,Central brain,1178,456097165348.2996,554,548,6,23,14,7
3,Segment 3,1,Central brain,380,147128117854.2902,611,489,6,13,12,4
4,Segment 4,1,Central brain,2070,801461063048.3704,514,514,9,19,18,13
5,Segment 5,1,Central brain,1446,559861206361.3253,540,476,14,19,17,7
6,Segment 6,1,Central brain,692,267928046197.81268,597,474,17,14,15,6
7,Segment 7,1,Central brain,393,152161448201.93698,615,523,12,13,11,5
8,Segment 8,1,Central brain,1084,419702315142.2384,547,574,15,25,16,6
10,Segment 10,1,Central brain,1374,531984299820.51245,417,401,2,15,24,9
11,Segment 11,1,Central brain,1074,415830522567.1255,411,390,6,20,16,9
12,Segment 12,1,Central brain,1216,470809977133.72864,406,385,16,19,14,10
13,Segment 13,1,Central brain,246,95246097347.77734,432,386,7,10,11,4
14,Segment 14,1,Central brain,451,174617845137.5918,431,383,14,13,11,6
15,Segment 15,1,Central brain,637,246633187034.69174,408,364,15,13,17,7
16,Segment 16,1,Central brain,833,322520321506.9046,430,405,17,13,17,6
17,Segment 17,1,Central brain,725,280704961695.68524,428,364,6,9,15,13
18,Segment 18,1,Central brain,198,76661492987.23543,440,366,15,9,8,4
19,Segment 19,1,Central brain,502,194363987270.66757,450,359,13,14,16,4
20,Segment 20,1,Central brain,463,179263996227.72726,429,349,13,11,15,6
21,Segment 21,1,Central brain,224,86728153682.52896,477,356,18,9,9,4
22,Segment 22,1,Central brain,258,99892248437.91283,505,369,25,9,10,4
23,Segment 23,1,Central brain,421,163002467412.25308,410,379,20,16,9,6
24,Segment 24,1,Central brain,340,131640947553.83861,431,441,26,9,13,4
25,Segment 25,1,Central brain,2160,836307196224.3865,349,376,26,26,23,5
26,Segment 26,1,Central brain,3344,1294727437117.754,526,308,44,32,25,6
27,Segment 27,1,Central brain,1940,751127759571.9026,396,540,63,21,22,8
28,Segment 28,1,Central brain,3068,1187865962044.6377,588,338,39,30,38,5
29,Segment 29,1,Central brain,1513,585802216614.5818,680,344,55,21,20,6
30,Segment 30,1,Central brain,695,269089583970.34656,652,322,53,17,13,5
31,Segment 31,1,Central brain,853,330263906657.1304,416,228,56,19,16,4
32,Segment 32,1,Central brain,3550,1374486364165.0796,697,477,61,28,36,6
33,Segment 33,1,Central brain,2280,882768707125.7412,443,670,59,19,20,10
34,Segment 34,1,Central brain,611,236566526339.3982,423,514,40,19,20,3
35,Segment 35,1,Central brain,765,296192131996.13684,433,472,44,18,16,4
36,Segment 36,1,Central brain,318,123123003888.59023,430,473,39,11,14,3
37,Segment 37,1,Central brain,496,192040911725.59985,681,621,34,14,18,3
38,Segment 38,1,Central brain,512,198235779845.7805,681,601,36,15,13,4
39,Segment 39,1,Central brain,2210,855666159099.9509,489,592,32,25,28,6
40,Segment 40,1,Central brain,29542,11438049625398.53,423,621,37,70,58,22
41,Segment 41,1,Central brain,4878,1888660418140.0728,537,594,19,29,37,14
42,Segment 42,1,Central brain,1258,487071505949.2028,540,630,30,27,18,4
43,Segment 43,1,Central brain,1467,567991970769.0625,516,620,31,25,18,8
44,Segment 44,1,Central brain,170548,66032648010035.49,452,558,19,274,169,42
46,Segment 46,1,Central brain,1176,455322806833.27704,600,312,57,18,20,7