segmendId,segmentName,groupId,groupName,volumeInVoxel,volumeInNm3,boundingBoxTopLeftPositionX,boundingBoxTopLeftPositionY,boundingBoxTopLeftPositionZ,boundingBoxSizeX,boundingBoxSizeY,boundingBoxSizeZ
1,Segment 1,-1,root,10942,4236515435688.535,496,554,6,45,46,15
2,Segment 2,-1,root,1059,410022833704.4561,508,595,12,23,15,5
3,Segment 3,-1,root,1317,509915082142.36896,583,477,11,22,26,5
4,Segment 4,-1,root,3664,1418624799521.3667,625,448,13,38,28,6
5,Segment 5,-1,root,3550,1374486364165.0796,600,498,24,39,32,6
6,Segment 6,-1,root,2716,1051578863400.6637,255,421,36,22,25,10
7,Segment 7,-1,root,3581,1386488921147.9294,260,442,38,386,211,13
8,Segment 8,-1,root,647,250504979609.80463,603,328,44,16,15,4
9,Segment 9,-1,root,401,155258882262.02728,406,247,47,15,13,3
10,Segment 10,-1,root,15978,6186350176515.392,431,531,55,37,54,13
11,Segment 11,-1,root,2238,866507178310.2671,311,553,52,22,23,7
12,Segment 12,-1,root,5034,1949060382311.834,365,522,45,29,24,17
13,Segment 13,-1,root,98265,38046169739346.914,290,449,28,100,89,38
14,Segment 14,-1,root,78133,30251476927129.62,554,561,29,146,95,37