segmendId,segmentName,groupId,groupName,volumeInVoxel,volumeInNm3,boundingBoxTopLeftPositionX,boundingBoxTopLeftPositionY,boundingBoxTopLeftPositionZ,boundingBoxSizeX,boundingBoxSizeY,boundingBoxSizeZ
1,Segment 1,1,centralbrain,368,142481966764.15472,528,314,6,15,12,3
2,Segment 2,1,centralbrain,715,276833169120.5724,538,313,9,15,16,5
3,Segment 3,1,centralbrain,2631,1018668626512.204,520,317,9,22,22,12
4,Segment 4,1,centralbrain,6079,2353662706411.132,488,341,13,34,33,10
5,Segment 5,1,centralbrain,1177,455709986090.7883,527,378,19,20,18,6
6,Segment 6,1,centralbrain,758,293481877193.5578,548,269,23,18,12,5
7,Segment 7,1,centralbrain,2148,831661045134.251,498,244,24,24,25,5
8,Segment 8,1,centralbrain,1222,473133052678.7964,481,290,26,18,21,5
9,Segment 9,1,centralbrain,1514,586189395872.0931,680,238,47,18,20,6
10,Segment 10,1,centralbrain,817,316325453386.72394,743,264,47,15,16,5
11,Segment 11,1,centralbrain,8271,3202359638875.88,706,280,33,46,31,12
12,Segment 12,1,centralbrain,3889,1505740132461.407,681,471,16,27,29,11
13,Segment 13,1,centralbrain,945,365884398348.16907,595,477,6,19,17,5
14,Segment 14,1,centralbrain,1038,401892069296.71906,432,519,40,20,21,4
15,Segment 15,1,centralbrain,1002,387953616026.3126,495,396,47,17,17,5
16,Segment 16,1,centralbrain,1326,513399695459.9706,474,412,48,15,21,7
17,Segment 17,1,centralbrain,3343,1294340257860.2424,498,351,58,24,23,9
18,Segment 18,1,centralbrain,7848,3038582812948.604,425,527,50,41,45,12
19,Segment 19,1,centralbrain,3045,1178960839121.8782,356,267,49,24,27,7
20,Segment 20,1,centralbrain,2215,857602055387.5073,775,381,90,30,22,6
21,Segment 21,1,centralbrain,1217,471197156391.2399,492,540,73,21,19,5
22,Segment 22,1,centralbrain,1017,393761304888.98193,431,443,56,19,25,5
23,Segment 23,1,centralbrain,237954,92130853041841.5,357,293,24,123,153,46
24,Segment 24,1,centralbrain,2739,1060483986323.4233,684,314,72,18,39,9
25,Segment 25,1,centralbrain,929,359689530227.9884,664,252,68,16,15,7
26,Segment 26,1,centralbrain,101991,39488799652833.98,526,507,32,133,106,40
27,Segment 27,1,centralbrain,3981,1541360624152.4456,532,567,59,31,36,9