segmendId,segmentName,groupId,groupName,volumeInVoxel,volumeInNm3,boundingBoxTopLeftPositionX,boundingBoxTopLeftPositionY,boundingBoxTopLeftPositionZ,boundingBoxSizeX,boundingBoxSizeY,boundingBoxSizeZ
1,Segment 1,-1,root,292,113056343193.29668,570,468,0,12,12,3
2,Segment 2,-1,root,600,232307554506.77402,446,336,14,12,14,5
3,Segment 3,-1,root,5172,2002491119848.3918,384,416,23,40,78,13
4,Segment 4,-1,root,4192,1623055447487.3276,404,466,35,26,34,9
5,Segment 5,-1,root,1548,599353490627.4769,720,514,39,22,20,5
6,Segment 6,-1,root,4728,1830583529513.3792,732,544,50,28,40,6
7,Segment 7,-1,root,4568,1768634848311.5728,562,200,81,32,30,7